{"name":"libug","slug":"blog-author","avatar":"http://cdn-libug.oss-accelerate.aliyuncs.com/libug/img/avatar.jpg","link":"/","description":"","socials":{"github":"","twitter":"","stackoverflow":"","wechat":"","qq":"","weibo":"","zhihu":"","csdn":"","juejin":"","customs":{}},"post_list":[{"title":"一起从新开始","uid":"3d8aaa75b63b1df93f6a6202243c7902","slug":"hello-world","date":"2022-12-30T10:38:24.801Z","updated":"2022-12-30T11:16:34.878Z","comments":true,"path":"api/articles/hello-world.json","keywords":null,"cover":[],"text":"以前喜欢在博客上写日志，但是正经人谁写日志啊。 三次备案第一次备案在阿里云进行备案，光幕布就邮了很久，当时的规则运营商也不大明白。历经两个月，因个人不允许社区，猝。 第二次备案景安备案，历经一个月，手机号已存在备案记录，猝 第三次备案因为天翼云年终大促，年付了一个心仪的云主机，计...","link":"","photos":[],"count_time":{"symbolsCount":340,"symbolsTime":"1 mins."},"categories":[],"tags":[],"author":{"name":"libug","slug":"blog-author","avatar":"http://cdn-libug.oss-accelerate.aliyuncs.com/libug/img/avatar.jpg","link":"/","description":"","socials":{"github":"","twitter":"","stackoverflow":"","wechat":"","qq":"","weibo":"","zhihu":"","csdn":"","juejin":"","customs":{}}}}],"categories":0,"tags":0,"word_count":340,"post_count":1}