{"title":null,"subtitle":null,"description":"","author":null,"language":"zh-CN","timezone":"Asia/Shanghai","url":"https://libug.cn","root":"/","permalink":"/post/:title.html","permalink_defaults":null,"pretty_urls":{"trailing_index":true,"trailing_html":true},"source_dir":"source","public_dir":"public","tag_dir":"tags","archive_dir":"archives","category_dir":"categories","code_dir":"downloads/code","i18n_dir":":lang","skip_render":null,"new_post_name":":title.md","default_layout":"post","titlecase":false,"external_link":{"enable":true,"field":"site","exclude":""},"filename_case":0,"render_drafts":false,"post_asset_folder":false,"relative_link":false,"future":true,"highlight":{"enable":false,"auto_detect":false,"line_number":true,"tab_replace":"","wrap":true,"hljs":false},"prismjs":{"enable":true,"preprocess":false,"line_number":true,"tab_replace":""},"default_category":"uncategorized","category_map":null,"tag_map":null,"date_format":"YYYY-MM-DD","time_format":"HH:mm:ss","updated_option":"mtime","per_page":10,"pagination_dir":"page","theme":"aurora","server":{"port":4000,"log":false,"compress":false,"header":true,"cache":false},"deploy":null,"ignore":null,"meta_generator":true,"keywords":null,"index_generator":{"per_page":10,"order_by":"-date","path":""},"include":null,"exclude":null,"theme_config":{"site":{"subtitle":"爱折腾的梨八个","author":"libug","nick":"爱折腾的梨八个","description":null,"link":"/","language":"cn","multi_language":false,"logo":"http://cdn-libug.oss-accelerate.aliyuncs.com/libug/img/avatar.jpg","avatar":"http://cdn-libug.oss-accelerate.aliyuncs.com/libug/img/avatar.jpg","beian":{"number":"豫ICP备 2022029065号","link":"https://beian.miit.gov.cn"},"police_beian":{"number":"","link":""}},"authors":null,"menu":{"About":true,"Tags":true,"Archives":true},"theme":{"dark_mode":"auto","profile_shape":"rounded","feature":false,"gradient":{"color_1":"#24c6dc","color_2":"#5433ff","color_3":"#ff0099"}},"socials":{"customs":null},"site_meta":{"cdn":"cn","favicon":null,"description":"一天不折腾我就浑身难受，欢迎交流一切有趣的技术。","keywords":"libug,梨八个,安梨八个,俺梨八个,安安","author":"libug"},"gitalk":{"enable":true,"autoExpand":true,"clientID":"f85e41e0d0e26959af49","clientSecret":"f43d9181d96531f8209c177d4783ff2fae641648 ","repo":"dev-blog-comments","owner":"TriDiamond","admin":["TriDiamond"],"id":"uid","language":"zh","distractionFreeMode":true,"recentComment":true,"proxy":""},"valine":{"enable":false,"app_id":null,"app_key":null,"avatar":"","placeholder":"Leave your thoughts behind~","visitor":true,"lang":"en","avatarForce":false,"meta":["nick","mail"],"requiredFields":[],"admin":"TriDiamond","recentComment":true},"busuanzi":{"enable":true},"copy_protection":{"enable":false,"author":{"cn":"作者","en":"Author"},"link":{"cn":"本文来自于","en":"Article is from"},"license":{"cn":"博客内容遵循 署名-非商业性使用-相同方式共享 4.0 国际 (CC BY-NC-SA 4.0) 协议","en":"This content is shared under the CC BY-NC-SA 4.0 protocol (Non-Commercial)"}},"aurora_bot":{"enable":false,"locale":"cn","bot_type":"dia","tips":null},"injects":{"scripts":null,"css":null},"version":"1.5.5"},"archive_generator":{"per_page":10,"yearly":true,"monthly":true,"daily":false},"category_generator":{"per_page":10},"tag_generator":{"per_page":10},"marked":{"gfm":true,"pedantic":false,"breaks":true,"smartLists":true,"smartypants":true,"modifyAnchors":0,"autolink":true,"mangle":true,"sanitizeUrl":false,"dompurify":false,"headerIds":true,"anchorAlias":false,"lazyload":false,"prependRoot":false,"postAsset":false,"external_link":{"enable":false,"exclude":[],"nofollow":false},"descriptionLists":true}}